{
  "precision@3": 0.016886930983847283,
  "precision@5": 0.017180616740088108,
  "mrr": 0.043135095447870773,
  "users_evaluated": 454
}