{
  "precision@3": 0.070042194092827,
  "precision@5": 0.051645569620253164,
  "mrr": 0.1856540084388186,
  "users_evaluated": 395
}