{
  "precision@3": 0.0,
  "category_hit@3": 0.8084886128364389,
  "precision@5": 0.0,
  "category_hit@5": 0.8049689440993788,
  "mrr": 0.0,
  "bookings_evaluated": 966
}