{
  "precision@3": 0.11801242236024845,
  "category_hit@3": 0.7170462387853693,
  "precision@5": 0.09544513457556934,
  "category_hit@5": 0.7074534161490683,
  "precision@10": 0.07256728778467908,
  "category_hit@10": 0.6955486542443063,
  "mrr": 0.2773891682276775,
  "bookings_evaluated": 966
}